,hotel_name,price_week_before
0,Ciudad Condal Hostal - Paseo de Gracia,€ 996
1,DO Plaça Reial powered by Sonder,"€ 2,478"
2,SEALONA VILA OLIMPICA,€ 596
3,Catalonia Sagrada Familia,€ 970
4,Catalonia Atenas,"€ 1,019"
5,Catalonia Park Putxet,€ 839
6,Hostal Excellence,€ 669
7,Catalonia Albeniz,"€ 1,070"
8,Sallés Hotel Pere IV,"€ 1,439"
9,Catalonia Barcelona 505,"€ 1,039"
10,Catalonia Diagonal Centro,"€ 1,168"
11,Hotel Cantón,€ 894
12,Hotel & Spa Villa Olimpica Suites,"€ 1,146"
13,Golden Hotel Barcelona,"€ 1,155"
14,Ciutat Vella,"€ 1,174"
15,Catalonia Eixample 1864,"€ 1,289"
16,Zenit Borrell,"€ 1,130"
17,Catalonia Park Güell,€ 830
18,Zenit Barcelona,"€ 1,189"
19,Hesperia Barcelona Del Mar,"€ 1,284"
20,Acta Antibes,€ 932
21,Travelodge Barcelona Poblenou,€ 874
22,Hotel Acta Laumon,€ 842
23,Catalonia Portal de l'Angel,"€ 1,385"
24,Gran Hotel Havana 4Sup by Escampa Hotels,"€ 1,529"
25,Ola Living Hostal Diagonal,€ 794
26,Pensión Villanueva,€ 940
27,Catalonia Avinyo,"€ 1,236"
28,Hotel Lleó,"€ 1,300"
29,Catalonia Roma,"€ 1,061"
30,Catalonia Gran Via BCN,"€ 1,359"
31,Catalonia Rigoletto,"€ 1,219"
32,Hesperia Barcelona Barri Gòtic,"€ 1,322"
33,"The Hoxton, Poblenou","€ 1,750"
34,Hotel Sant Agustí,"€ 1,246"
35,Sercotel Caspe,"€ 1,170"
36,Hotel Medicis,€ 878
37,Hostal Mayerling Centro,"€ 1,167"
38,Hotel Derby,"€ 1,266"
39,Charmsuites Nou Rambla,"€ 1,226"
40,Aparthotel Napols - Abapart,"€ 1,420"
41,Hotel Astoria,"€ 1,314"
42,AC Hotel Victoria Suites by Marriott,"€ 1,379"
43,BcnStop Sagrada Familia,€ 914
44,Catalonia Passeig de Gràcia 4* Sup,"€ 1,789"
45,Catalonia Born,"€ 1,369"
46,Charmsuites Paralel,"€ 1,226"
47,Acta Voraport,"€ 1,612"
48,Ilunion Auditori,"€ 1,212"
49,Catalonia Gracia,"€ 1,429"
50,Residencia Universitaria Barcelona Diagonal,"€ 1,070"
51,Hostal Barcelona Travel,"€ 1,154"
52,Catalonia Plaza Catalunya,"€ 1,589"
53,Colors,€ 619
54,Hostal Central Barcelona,"€ 1,312"
55,Catalonia Ramblas 4* Sup,"€ 1,659"
56,Hotel Concordia Barcelona,"€ 1,356"
57,Hotel Via Augusta,"€ 1,250"
58,Suites Avenue,"€ 1,968"
59,Hotel Barcelona Center,"€ 1,621"
60,Unite Hostel Barcelona,"€ 1,266"
61,Ilunion Bel-Art,"€ 1,307"
62,Catalonia Square 4* Sup,"€ 1,809"
63,Hostal Levante Barcelona,€ 870
64,Catalonia La Maquinista,€ 854
65,MH Apartments Suites,"€ 1,450"
66,MH Apartments Urban,"€ 1,440"
67,Casa Abamita,"€ 1,642"
68,"Hotel Granados 83, a Member of Design Hotels","€ 1,578"
69,Serennia Cest Apartamentos Arc de Triomf,"€ 1,621"
70,SmartRoom Barcelona,€ 844
71,ITC Barcelona By Soho Boutique,"€ 1,330"
72,Catalonia Magdalenes,"€ 1,909"
73,Hotel Continental Palacete,"€ 1,452"
74,AC Hotel Irla by Marriott,"€ 1,331"
75,Leonardo Hotel Barcelona Gran Via,"€ 1,131"
76,"Hotel Balmes, a member of Preferred Hotels & Resorts","€ 1,527"
77,Hotel Casa Fuster G.L Monumento,"€ 2,093"
78,BCN Rambla Catalunya Apartments,"€ 1,663"
79,Mayerling Bisbe Urquinaona,"€ 1,645"
80,Catalonia Barcelona Plaza,"€ 1,679"
81,Ohla Eixample,"€ 2,423"
82,Motel One Barcelona-Ciutadella,"€ 1,230"
83,Hotel Viladomat by Silken,"€ 1,142"
84,Cami Gallery Barcelona,"€ 1,080"
85,Four Points by Sheraton Barcelona Diagonal,"€ 1,335"
86,Vincci Maritimo,"€ 1,948"
87,Hotel Turin Barcelona,"€ 1,512"
88,Free Hostels Barcelona,"€ 1,228"
89,Yomo Hostal BCN Port,€ 842
90,RAMBLAS HOTEL powered by Vincci Hoteles,"€ 1,922"
91,Royal Ramblas,"€ 1,853"
92,Hotel Barcelona Catedral,"€ 1,969"
93,Vincci Bit,"€ 1,866"
94,Mayerling Schumann Barcelona,"€ 1,652"
95,Barcelona House,"€ 1,650"
96,"Hotel Gran Derby Suites, a Small Luxury Hotel of the World","€ 1,451"
97,Ohla Barcelona,"€ 2,905"
98,"Claris Hotel & Spa GL, a Small Luxury Hotel of the World","€ 1,938"
99,Sercotel Amister Art Hotel Barcelona,"€ 1,172"
100,Aparthotel Senator Barcelona,"€ 1,380"
101,Axel Hotel Barcelona & Urban Spa- Adults Only,"€ 1,541"
102,Hotel Boutique Mirlo Barcelona,"€ 2,118"
103,Vincci Mae,"€ 1,915"
104,Ilunion Almirante,"€ 1,571"
105,Rooms Calabria,€ 470
106,"Hotel Bagués, a Small Luxury Hotel of the World","€ 2,197"
107,Espais Blaus Apartments,"€ 1,780"
108,MH Apartments Gracia,"€ 1,790"
109,Aparthotel Augusta,"€ 1,092"
110,Gallery Hotel,"€ 1,925"
111,Ocean Drive Barcelona,"€ 2,137"
112,Hotel Casa Sagnier,"€ 2,584"
113,Ilunion Barcelona,"€ 2,099"
114,Vincci Gala,"€ 2,224"
115,You Stylish Diagonal Apartments,"€ 1,771"
116,Catalonia Catedral,"€ 2,179"
117,MH Apartments Sant Pau,"€ 1,620"
118,Barcelona Apartment Aramunt,"€ 1,671"
119,"Torre Melina, a Gran Meliá Hotel","€ 2,693"
120,Barcelona Apartment Val,"€ 2,045"
121,The Social Hub Barcelona Poblenou,"€ 1,086"
122,You Stylish City Center Apartments,"€ 2,221"
123,Aparthotel Arai 4* Superior,"€ 2,054"
124,Catalonia Mikado,€ 890
125,Barcelona Apartment Milà,"€ 1,841"
126,Suite Place Barcelona Diputació,"€ 1,606"
127,Colón Hotel Barcelona,"€ 2,519"
128,Capri by Fraser Barcelona,"€ 1,201"
129,Barcelona Apartment Republica,"€ 1,680"
130,Fira Apartments by gaiarooms,"€ 1,805"
131,Montserrat Apartments by gaiarooms,"€ 1,680"
132,Abba Garden,€ 758
133,AC Hotel Barcelona Fórum by Marriott,"€ 1,340"
134,Blanc Guest House,€ 956
135,Catalonia Port,"€ 1,873"
136,Rambla 102,"€ 2,256"
137,Victoria Diagonal Mar Barcelona,"€ 2,448"
138,Happy Apartments,"€ 2,106"
139,Ilunion Les Corts Spa,"€ 1,638"
140,Hotel Serhs Rivoli Rambla,"€ 1,292"
141,Aparthotel Allada 3*,"€ 1,620"
142,Petit Palace Boqueria Garden,"€ 1,941"
143,Serennia Apartamentos Ramblas - Plaça Catalunya,"€ 2,516"
144,Hostal Dragonflybcn,€ 700
145,Suite Place Barcelona Còrsega,"€ 1,842"
146,Hostal Operaramblas,"€ 1,095"
147,Sixtytwo Hotel,"€ 3,216"
148,Lodging Apartments Sagrada Familia,"€ 1,745"
149,Hilton Diagonal Mar Barcelona,"€ 1,512"
150,NH Barcelona Diagonal Center,"€ 1,126"
151,LetsGo Paseo de Gracia,"€ 2,330"
152,Barcelona Apartment Gran de Gràcia,"€ 1,739"
153,Alma Barcelona GL,"€ 3,663"
154,Amister Apartments,"€ 2,260"
155,Apartments Sixtyfour,"€ 4,149"
156,Blue Barcelona,"€ 1,609"
157,Fewdays Barcelona Apartments,"€ 2,056"
158,Acta BCN 40,"€ 1,159"
159,You Stylish Beach Apartments,"€ 2,244"
160,Barcelona Apartment Villarroel,"€ 1,841"
161,Hilton Barcelona,"€ 2,919"
162,BCN Urbaness Hotels Del Comte,"€ 1,761"
163,Residencia Universitaria Campus del Mar,€ 986
164,Suites Center Barcelona,"€ 3,264"
165,You Stylish El Born Apartments,"€ 3,141"
166,Casp 74 Apartments,"€ 2,846"
167,Andante Hotel,"€ 1,342"
168,"Radisson Blu 1882 Hotel, Barcelona Sagrada Familia","€ 1,962"
169,Violeta Boutique,"€ 2,590"
170,Key Barcelona HOUSING (Carrer Girona),"€ 2,827"
171,Ciutadella Park Born,"€ 3,101"
172,"Cotton House Hotel, Autograph Collection","€ 3,867"
173,Lodging Apartments Liceu G1,"€ 2,283"
174,Mihlton Barcelona Boutique B&B,"€ 1,115"
175,Hostal Balkonis,€ 892
176,Centric Apartments Paseo de Gracia,"€ 3,574"
177,Central Suites Barcelona,"€ 3,937"
178,Aparthotel Bcn Montjuic,"€ 1,160"
179,Enjoy Apartments Borrell,"€ 3,290"
180,BizFlats Eixample Apartments,"€ 2,448"
181,Hotel Arts Barcelona,"€ 8,356"
182,08028 Apartments,"€ 1,029"
183,Four Petals Barcelona Boutique Apartments,"€ 2,583"
184,Laramond Barcelona Rooms,€ 910
185,Rooms Sepulveda,€ 526
186,APTBCN Super Balmes Guest House,€ 714
187,Dalia Ramblas,"€ 1,065"
188,Park Hotel,"€ 1,223"
189,Hotel Best Front Maritim,€ 967
190,Hotel Sagrada Familia,€ 990
191,Aparthotel Bertrán,"€ 1,067"
192,"Holiday Inn Express Barcelona City 22@, an IHG Hotel","€ 1,125"
193,Habitaciones Rambla Catalunya,€ 510
194,Inside Barcelona Apartments Sants,"€ 1,038"
195,Rooms Nueva Valencia,€ 530
196,Fisa Rentals Ramblas Apartments,"€ 1,240"
197,Leonardo Hotel Barcelona Las Ramblas,"€ 1,140"
198,Ciudad Condal Hostal - Paseo de Gracia,€ 996
199,Acta Splendid,"€ 1,255"
200,Cram Hotel,"€ 1,379"
201,BYPILLOW Wander,"€ 1,063"
202,Catalonia Castellnou,€ 970
203,Habitación triple/Ramblas,€ 708
204,1881 Barcelona Gran Rosellon Hotel,"€ 1,160"
205,Hotel Lloret Ramblas,"€ 1,215"
206,Plaza Goya Rooms,"€ 1,048"
207,Hostal Benidorm,"€ 1,056"
208,Hotel America Barcelona,"€ 1,463"
209,Hotel Villa Emilia,"€ 1,373"
210,Silken Sant Gervasi,"€ 1,073"
211,Atenea Rekord Suites,"€ 1,143"
212,Mesón Castilla Atiram Hotels,"€ 1,174"
213,Des Artistes,€ 710
214,Habitaciones Viladomat,€ 506
215,Inside Barcelona Apartments Esparteria,"€ 1,319"
216,Hostal Aslyp 114,"€ 1,121"
217,Novotel Barcelona City,"€ 1,427"
218,Fisa Rentals Gran Via Apartments,"€ 1,440"
219,BYPILLOW House,€ 934
220,Hostal River,€ 510
221,Oriente Atiram,"€ 1,241"
222,Boutique Apartments 23 Barcelona,"€ 1,377"
223,Paral·lel,"€ 1,141"
224,Grums Hotel & Spa,"€ 1,368"
225,BUHO Boutique Rooms,"€ 1,184"
226,Onix Liceo,"€ 1,233"
227,Occidental Atenea Mar - Adults Only,"€ 1,351"
228,Eurohotel Diagonal Port,"€ 1,352"
229,Apartment Gràcia- Parc Güell by Interhome,€ 903
230,Pensión San Ramón,€ 640
231,Serhs Carlit Boutique Hotel,"€ 1,228"
232,Negresco Princess 4* Sup,"€ 1,490"
233,Guitart Grand Passage,"€ 1,418"
234,Hotel Nouvel,"€ 1,308"
235,Hotel Cortes Rambla,"€ 1,197"
236,Room Mate Anna,"€ 1,530"
237,Acta Atrium Palace,"€ 1,461"
238,Habitaciones acogedoras,€ 546
239,apartamento centric,"€ 1,046"
240,SM Hotel Sant Antoni,"€ 1,006"
241,Niu Barcelona Hotel,"€ 1,312"
242,Sunotel Junior,€ 905
243,Leonardo Royal Hotel Barcelona Fira,"€ 1,352"
244,Onix Rambla,"€ 1,223"
245,Barceló Raval,"€ 1,436"
246,Allegro Barcelona,"€ 1,328"
247,Iberostar Selection Paseo de Gracia 4 Sup,"€ 1,865"
248,Pestana Arena Barcelona,"€ 1,349"
249,Hotel Constanza,"€ 1,328"
250,"Hotel Indigo Barcelona Granvia Plaza Espana, an IHG Hotel","€ 1,427"
251,Flor Habitaciones,€ 530
252,El Avenida Palace,"€ 1,626"
253,Rooms Nuevo Roger,€ 470
254,U232 Hotel,"€ 1,319"
255,Casa Lit Barcelona by Ona,"€ 1,292"
256,Nice apartment BCN two rooms wifi,€ 660
257,Àmfores Boutique Guest House,"€ 1,192"
258,Acevi Villarroel,"€ 1,044"
259,Barcelona Century Hotel,"€ 1,229"
260,Youth Hostel - Central and Basic Universitat,€ 787
261,Casa Gracia,"€ 1,057"
262,Hostel New York,€ 683
263,Grupotel Gravina,"€ 1,204"
264,Occidental Diagonal 414,"€ 1,387"
265,Occidental Barcelona 1929,"€ 1,437"
266,Majestic Hotel & Spa Barcelona GL,"€ 2,246"
267,Pierre & Vacances Barcelona Sants,"€ 1,062"
268,Ciutat de Barcelona,"€ 1,346"
269,ArtlifeBCN Urban Oasis Apartment,"€ 3,989"
270,Barcelona Princess,"€ 1,313"
271,Room Mate Pau,"€ 1,514"
272,"Labtwentytwo Barcelona, a Tribute Portfolio Hotel","€ 1,587"
273,"Hotel SOFIA Barcelona, in The Unbound Collection by Hyatt","€ 1,862"
274,Hotel Soho,"€ 1,328"
275,NH Barcelona Eixample,"€ 1,359"
276,Hotel Ramblas Internacional,"€ 1,346"
277,Hotel Serhs del Port,"€ 1,258"
278,Hotel Vilamarí,"€ 1,187"
279,Garbi Millenni,"€ 1,097"
280,Onix Fira,"€ 1,193"
281,Leonardo Boutique Hotel Barcelona Sagrada Familia,"€ 1,358"
282,Cien,"€ 1,395"
283,Hotel Barcelona Condal Mar Affiliated by Meliá,"€ 1,414"
284,Hotel Brick Barcelona,"€ 1,229"
285,Hotel Acta Azul Barcelona,"€ 1,179"
286,Lugaris Beach Apartments,"€ 1,645"
287,Barcelona Fifteen central Aparthotel,"€ 1,144"
288,Hesperia Barcelona Presidente,"€ 1,500"
289,Hotel Omnium,"€ 1,606"
290,Acta CITY47,"€ 1,456"
291,Hotel Best Auto Hogar,"€ 1,074"
292,Chic & Basic Velvet,"€ 1,194"
293,Cosmopolitan Boutique Rambla,"€ 1,308"
294,Urbany Hostel BCN GO!,€ 889
295,Upper Diagonal,"€ 1,378"
296,The Mirror Barcelona - Adults Only,"€ 1,394"
297,Tibidabo Apartments,"€ 1,256"
298,Som Nit Triomf,"€ 1,241"
299,Apartments Sata Park Guell Area,"€ 1,346"
300,Hostal Bejar,€ 914
301,"Casa Consell Gran Via, Guest House","€ 1,346"
302,Rooms in the center of Barcelona,€ 546
303,Pensión Arosa,€ 552
304,Atlantis by Atbcn,"€ 1,378"
305,Aspasios Plaza Real Apartments,"€ 1,470"
306,NH Barcelona Entenza,"€ 1,137"
307,ibis Styles Barcelona City Bogatell,"€ 1,066"
308,Hotel Rec Barcelona - Adults Only,"€ 1,526"
309,Ola Living Vidreria,"€ 1,380"
310,Sunotel Club Central,"€ 1,420"
311,Alojamiento Diputacion,€ 546
312,BYPILLOW Ramblas,"€ 1,274"
313,Hotel Glòries,"€ 1,019"
314,ICON Bcn,"€ 1,665"
315,Sercotel Hotel Rosellon,"€ 1,580"
316,AC Hotel Sants by Marriott,"€ 1,492"
317,Citadines Ramblas Barcelona,"€ 1,726"
318,L'Olivera Casa Rural,€ 506
319,Hostal La Terrassa,€ 826
320,Hostal Barcelona,€ 772
321,May Ramblas Hotel,"€ 1,294"
322,Sixties Ramblas,"€ 1,454"
323,Hostal Europa,€ 635
324,Central and Basic Solarium HOSTEL,€ 844
325,Silken Ramblas,"€ 1,517"
326,Hotel Àmbit Barcelona,"€ 1,571"
327,AinB Sagrada Familia Apartments,"€ 1,426"
328,Apart-Suites Hostemplo,"€ 1,504"
329,Hostemplo Sagrada Familia,"€ 1,346"
330,Ibis Barcelona Meridiana,€ 837
331,Casa Lirio,"€ 1,377"
332,Mosaic Barcelona by Ona,"€ 1,544"
333,Melia Barcelona Sky 4* Sup,"€ 1,607"
334,"InterContinental Barcelona, an IHG Hotel","€ 2,378"
335,Ola Living MACBA,"€ 1,407"
336,Jardinets De Gràcia by The 5ve Soul,"€ 1,530"
337,Happy People Gaudi Sant Pau Apartments,"€ 1,257"
338,H10 Marina Barcelona,"€ 1,523"
339,Sofitel Barcelona Skipper,"€ 3,023"
340,Hotel Nuevo Triunfo,"€ 1,126"
341,Urgel habitaciones,€ 470
342,Chi,"€ 1,570"
343,Som Nit Port Vell,"€ 1,393"
344,Urbany Hostel Barcelona,€ 920
345,Aspasios Rambla Catalunya Suites,"€ 1,848"
346,Midtown Apartments,"€ 2,172"
347,Attica 21 Barcelona Mar,"€ 1,069"
348,La Casa de Antonio Boutique Rooms,"€ 1,288"
349,La França Travellers Adults Only,€ 890
350,One bedroom Apartment in Eixample !,"€ 1,032"
351,Express by gaiarooms,"€ 1,008"
352,The Corner Hotel,"€ 1,787"
353,B Hotel,"€ 1,634"
354,Inside Barcelona Apartments Salva,"€ 1,475"
355,Hotel Royal Passeig de Gracia,"€ 1,923"
356,Sensation Sagrada Familia,"€ 1,796"
357,Room Mate Carla,"€ 1,655"
358,Ako Suites Hotel,"€ 1,655"
359,Fuster Apartments by Aspasios,"€ 2,001"
360,Grupotel Gran Via 678,"€ 1,529"
361,Sunotel Central,"€ 1,517"
362,Generator Barcelona,"€ 1,447"
363,NH Collection Barcelona Podium,"€ 1,942"
364,Eric Vökel Boutique Apartments - Gran Vía Suites,"€ 1,795"
365,Hotel Margot House Barcelona,"€ 2,575"
366,Caledonian,"€ 1,620"
367,Inside Barcelona Apartments Princep,"€ 1,686"
368,Aparthotel Atenea Calabria,"€ 1,562"
369,Som Nit Born,"€ 1,393"
370,Hotel 54 Barceloneta,"€ 1,670"
371,"Grand Hotel Central, Small Luxury Hotels","€ 2,405"
372,Hotel Miramar Barcelona GL,"€ 1,845"
373,Barceló Sants,"€ 1,675"
374,Lugaris Rambla Apartments,"€ 1,679"
375,AC Hotel Diagonal L'Illa by Marriott,"€ 1,658"
376,Nobu Hotel Barcelona,"€ 2,296"
377,The Conica Deluxe Bed&Breakfast,"€ 1,779"
378,Hotel Sagrada Familia Apartments,"€ 1,482"
379,Centric Sagrada Familia Apartments,"€ 1,486"
380,INNSiDE by Meliá Barcelona Apolo,"€ 1,817"
381,BBarcelona Central Boutique Apartments,"€ 1,536"
382,BcnStop Parc Güell,"€ 1,450"
383,!!Boat with AC in Port Forum 2 Bikes Included!!,€ 782
384,BYPILLOW Mothern,"€ 1,529"
385,NH Sants Barcelona,"€ 1,804"
386,TOC Hostel Barcelona,"€ 1,200"
387,Àtic Trobador,"€ 1,004"
388,Room Mate Gerard,"€ 1,839"
389,Hotel Balmoral,"€ 1,239"
390,Sunotel Aston,€ 981
391,B&B Boutique Ca La Maria,"€ 1,734"
392,Hotel El Palace Barcelona,"€ 3,531"
393,Sensation Authentic Gràcia,"€ 1,772"
394,Barnapartments Raval,"€ 1,256"
395,Acacia Suite,"€ 1,513"
396,Paraiso Hostel,€ 830
397,Boutique Hostemplo Sagrada Familia,"€ 1,681"
398,Cosmo Apartments Sants,"€ 1,177"
399,Hostal Live Barcelona,"€ 1,292"
400,NH Barcelona Stadium,"€ 1,641"
401,Hostal Girona,"€ 1,438"
402,"Via Sants Hotel Barcelona, Tapestry Collection By Hilton","€ 1,701"
403,H10 Cubik 4* Sup,"€ 1,799"
404,Dorado 2,"€ 1,086"
405,"Kimpton Vividora Hotel, an IHG Hotel","€ 2,579"
406,Bonanova Suite,"€ 1,531"
407,Praktik Rambla,"€ 1,346"
408,The Level at Melia Barcelona Sky,"€ 2,119"
409,Hostel Friends Barcelona,"€ 1,172"
410,Mercure Barcelona Condor,"€ 1,725"
411,ApartEasy - Central Gracia Apartments,"€ 1,575"
412,Forget Me Not Barcelona,"€ 1,623"
413,Hostal Ramos,€ 810
414,Condes de Barcelona,"€ 1,882"
415,NH Collection Barcelona Constanza,"€ 2,116"
416,David's House,"€ 1,611"
417,París Habitaciones,€ 510
418,Exe Mitre,"€ 1,608"
419,Barceloneta view apartment,€ 829
420,Putxet by gaiarooms,€ 851
421,Gran Vía by The Streets,"€ 1,788"
422,BBarcelona Còrsega Flats,"€ 1,486"
423,ApartEasy - Gracia Apartments,"€ 1,554"
424,Circa 1905,"€ 2,282"
425,"Sir Victor Hotel, part of Sircle Collection","€ 2,928"
426,Boat Hotel Barcelona,"€ 1,075"
427,Habitat Apartments Blanca,"€ 1,612"
428,Apartment Eixample Dret Valencia - Cartagena by Interhome,"€ 1,138"
429,Arc House Barcelona,€ 630
430,Hotel Oasis,"€ 1,902"
431,TOC Hotel Las Ramblas,"€ 1,564"
432,Apartments Barcelona Sagrada,"€ 1,527"
433,ME Barcelona,"€ 3,229"
434,Olivia Plaza Hotel,"€ 2,265"
435,Hotel Market,"€ 1,976"
436,Hotel Inglés,"€ 1,165"
437,Sonder La Casa del Sol,"€ 1,564"
438,ABaC Restaurant Hotel Barcelona GL Monumento,"€ 2,230"
439,Aspasios Garden Apartments,"€ 2,028"
440,Mercer House Bòria BCN,"€ 1,769"
441,Casa Barcelo Hostel Barcelona,€ 950
442,"Sunny flat,near ramblas,wifi incl.","€ 1,141"
443,Aspasios Poble Nou Apartments,"€ 1,965"
444,Aspasios Urquinaona Design,"€ 2,028"
445,Eurostars Monumental,"€ 1,940"
446,Forget Me Not Barcelona,"€ 1,623"
447,NH Collection Barcelona Gran Hotel Calderon,"€ 3,184"
448,Ola Living Portaferrissa,"€ 1,999"
449,Aspasios Las Ramblas Apartments,"€ 2,325"
450,Lodging Apartments Gracia,"€ 1,788"
451,Catalunya,"€ 1,428"
452,Olivia Balmes Hotel,"€ 2,489"
453,Hostal Marenostrum,€ 935
454,The Lonely Chimney Apartments,"€ 1,712"
455,Apartamentos Navas,"€ 1,466"
456,Eurostars Grand Marina Hotel GL,"€ 2,629"
457,Tendency Apartments 7,"€ 1,743"
458,Hotel Transit,"€ 1,596"
459,Vasanta powered by Sonder,"€ 1,695"
460,Exe Cristal Palace,"€ 1,958"
461,Picasso Suites,"€ 2,388"
462,Ikonik Anglí,"€ 1,871"
463,DO Plaça Reial powered by Sonder,"€ 2,478"
464,Hotel El Call,"€ 1,882"
465,Rooms Arago,€ 530
466,Hotel Condal,"€ 1,936"
467,Lodging Apartments City Center-Eixample,"€ 2,298"
468,Melia Barcelona Sarriá,"€ 2,303"
469,Hostal Sol y K,"€ 1,807"
470,BCN Apartments 41,"€ 2,677"
471,Le Meridien Barcelona,"€ 3,190"
472,Yeah Barcelona Hostel,"€ 1,893"
473,Wilson Boutique Hotel,"€ 2,175"
474,Praktik Vinoteca,"€ 1,250"
475,Ola Living Born,"€ 2,205"
476,Umma Barcelona B&B Boutique,"€ 1,940"
477,Praktik Bakery,"€ 1,256"
478,htop BCN City #htopEnjoy,€ 900
479,Moderno,"€ 1,886"
480,Pelayo Deluxe Apartments,"€ 2,251"
481,Ola Living Santa Anna,"€ 2,117"
482,RAMBLA BEACH Barcelonastuff Apartments,"€ 2,501"
483,Aparteasy - Deluxe Family Apartments with Pool,"€ 2,052"
484,AinB Picasso-Corders Apartments,"€ 1,786"
485,Hotel Sant Pau,€ 862
486,Barnapartments Monumental,"€ 1,036"
487,Lumine Luxury Suites by gaiarooms,"€ 1,051"
488,Renaissance Barcelona Hotel,"€ 2,709"
489,Diagonal House Hostel,€ 630
490,"Alexandra Barcelona Hotel, Curio Collection by Hilton","€ 2,972"
491,Sant Jordi Hostels Sagrada Familia,"€ 1,672"
492,Alba Hotel,"€ 1,718"
493,Fontanella By BCN URBAN Rooms,"€ 1,772"
494,AB Paral·lel Spacious Apartments,"€ 2,433"
495,The Barcelona EDITION,"€ 3,837"
496,Le Palacete powered by Sonder,"€ 1,884"
497,Ola Living Aribau Apartments,"€ 2,481"
498,Flor Parks,"€ 1,976"
499,Ikonik Ramblas,"€ 2,263"
500,Hotel Brummell,"€ 1,575"
501,Radas,"€ 2,160"
502,Exe Ramblas Boquería,"€ 2,140"
503,My Address in Barcelona,"€ 3,096"
504,Pol & Grace Hotel,"€ 1,945"
505,Stay Together Barcelona Apartments,"€ 2,954"
506,Apart céntrico con terraza en Gracia,"€ 1,003"
507,Aparthotel Rambla108,"€ 2,204"
508,Happy People Plaza España Apartments,"€ 2,291"
509,Apartaments-Hotel Hispanos 7 Suiza,"€ 3,100"
510,Habitat Apartments Alibei,"€ 2,822"
511,Ola Living Calabria,"€ 2,714"
512,Bright & Breezy,"€ 1,727"
513,Close to Passeig de Gracia,"€ 2,077"
514,Happy People Ramblas Harbour Apartments,"€ 2,253"
515,Barcelona City North Hostal,"€ 2,037"
516,Be Barcelona Eixample Urquinaona II,"€ 1,335"
517,Exe Plaza Catalunya,"€ 2,285"
518,Boat Accommodations Barcelona,"€ 1,295"
519,La Mare by The Streets,"€ 1,875"
520,Exe Laietana Palace,"€ 2,080"
521,Jacobs Inn Barcelona,"€ 3,053"
522,Happy People Sagrada Familia Apartments,"€ 3,082"
523,Habitat Apartments Bailén,"€ 3,049"
524,Habitat Apartments ADN,"€ 2,289"
525,HABITACION PARA PAREJA CON BALCON,€ 890
526,Barcelona Centric,€ 770
527,Ola Living Music,"€ 2,869"
528,DreamKeys Barcelona City,"€ 2,334"
529,Palau de la Musica Apartments,"€ 2,583"
530,Habitat Apartments Cool Jazz,"€ 2,899"
531,Sarriá - Sant Gervasi,"€ 3,706"
532,Habitat Apartments Barcelona Balconies,"€ 3,065"
533,Home to Home Barcelona,"€ 2,787"
534,Ola Living Diagonal Apartments,"€ 3,686"
535,Vincent's House,"€ 2,331"
536,Plaza Catalunya City Center Apartments,"€ 2,462"
537,LucasLand Apartments Barcelona,"€ 3,581"
538,Barcelona City Hotel,"€ 2,871"
539,Casa Vilaró Park Guell,"€ 5,001"
540,Stay U-nique Apartments Rambla Catalunya,"€ 3,366"
541,Key Gracia Apartments,"€ 2,713"
542,Habitat Apartments Eixample Balconies.,"€ 3,058"
543,Casagrand Luxury Suites,"€ 5,880"
544,Habitat Apartments Hot Jazz,"€ 3,140"
545,Tendency Apartments 6,"€ 2,456"
546,Hotel Ronda Lesseps,"€ 1,262"
547,Lodging Apartments Liceu G2,"€ 2,175"
548,Habitat Apartments Rambla Deluxe,"€ 3,685"
549,Hotel Paseo de Gracia,"€ 1,352"
550,Ant Hostel Barcelona,"€ 1,942"
551,Stay U-nique Apartments Rossello,"€ 3,660"
552,Casa Consell Apartments,"€ 5,937"
553,Rambla de Mar Apartments,"€ 3,166"
554,Barcelona City Apartment,"€ 2,701"
555,Barcelona City Centre Hostal,"€ 3,052"
556,Stay U-nique Apartments Calabria,"€ 2,448"
557,Lodging Apartments Forum 15 - Barcelona Forum apartment with sea view,"€ 2,596"
558,Arcelon Hotel! New Opening! Nueva apertura 2023!,"€ 1,035"
559,Barcelona City Rooms,"€ 3,182"
560,Aparthotel Mariano Cubi Barcelona,"€ 1,248"
561,El Palauet Royal Suites,"€ 8,231"
562,Habitat Apartments Grace,"€ 6,081"
563,APBCN Eixample Center,"€ 4,173"
564,Twentytu Hostel Barcelona,"€ 3,530"
565,Tendency Apartments 9,"€ 6,401"
566,Casa Cosi - Mallorca 2,"€ 3,838"
567,Habitat Apartments Ferran,"€ 7,117"
568,Centrally Apartment in el Raval Neighbourhood,€ 892
569,Suite Gracia Barcelona,"€ 1,279"
570,Barco muy romantico con parking!,"€ 1,053"
571,Sepulveda 3,€ 890
572,H La Paloma Adults Only,"€ 1,008"
573,Habitat Apartments Barcelona Classic,"€ 5,986"
574,SibsBcn-Paseo de Gracia Penthouse-Luxury-Terraces,"€ 5,887"
575,Pool House Barcelona,"€ 4,556"
576,Bonito piso cerca de park guell,€ 982
577,H10 Casanova,"€ 1,631"
578,Flateli Llúria,"€ 1,160"
579,Port VII Apt centrico acogedor w balcon 23,"€ 1,204"
580,The Hotel 592 - Adults Only,"€ 1,031"
581,Habitaciones luminosas,€ 530
582,El Alma de las Ramblas,"€ 1,608"
583,Praktik Èssens,"€ 1,646"
584,Hotel Casa Gardenia,€ 964
585,Mr Born,"€ 1,026"
586,Rosello 2,€ 890
587,ClassBedroom Barcelona Beach Apartments,"€ 1,215"
588,ibis Styles Barcelona Centre,"€ 1,118"
589,Apartaments Marina - Abapart,"€ 1,449"
590,Valencia 3,€ 890
591,By Born Rooms,€ 624
592,017 New of love 3 1,"€ 1,086"
593,Aparthotel Silver,"€ 1,011"
594,Rosello 3,€ 906
595,NEW! Amazing 2 bedroom apartment in Rambla del Poblenou,"€ 1,229"
596,"Habitación Doble, una o dos camas. Baño Privado.","€ 1,812"
597,SANTS STATION PENTHOUSE,"€ 1,215"
598,Rooms in Gothic,€ 620
599,Trip Barcelona Spain,"€ 1,261"
600,Fabrizzio's Petit,"€ 1,171"
601,Fabrizzio's Petit,"€ 1,171"
602,The One Barcelona GL,"€ 2,505"
603,Coronado,€ 790
604,Pensión Teruel,€ 550
605,Private Room Gothic Quarter,€ 650
606,Cozy Apartment Les Corts,"€ 1,501"
607,Au Jardin d'Armand,€ 840
608,Barcelona4Seasons - Miro,"€ 1,156"
609,MH Apartments S. Familia,"€ 1,560"
610,Beautiful y Luxury Apartment centrallylocated,"€ 1,456"
611,Hotel Lyon,"€ 1,071"
612,Yurbban Passage Hotel & Spa,"€ 2,399"
613,Bird House,€ 743
614,Suite Miro Eixample Barcelona,"€ 1,279"
615,Valencia 2,"€ 1,026"
616,Suites4days Provenza Apartment,"€ 1,627"
617,Ático cerca Playa y centro a 10 min.,"€ 1,086"
618,Mambo Tango,€ 907
619,Apartments Barcelona & Home Deco Viladomat,"€ 1,618"
620,Yurbban Trafalgar Hotel,"€ 2,009"
621,Sagrada Familia,"€ 1,380"
622,Hostal Felipe 2,€ 665
623,Terracotta terrace,"€ 1,351"
624,HOSTAL BEDMATES,€ 912
625,Casa Vaganto,"€ 1,517"
626,Oasis Sagrada Familia,"€ 1,416"
627,VIU BARCELONA BERTRAN,"€ 1,002"
628,Hostal Argo,€ 865
629,Wow Hostel Barcelona,€ 523
630,Barcelona4Seasons II,"€ 1,379"
631,Hotel Alguer Camp Nou,€ 826
632,The Vintage Rentals,"€ 1,310"
633,TWO Hotel Barcelona by Axel 4* Sup- Adults Only,"€ 1,261"
634,Cozy Flat,"€ 1,203"
635,LEPANTO APARTMENTS 150m FROM SAGRADA FAMILIA,"€ 1,363"
636,Lovely loft near Barcelona center,"€ 1,826"
637,The Loft Hostel,"€ 1,226"
638,"Lovely wooden boat in Port forum, with AC and two bikes.",€ 740
639,MH Apartments Liceo,"€ 1,690"
640,La Maison de Barcelone,"€ 1,708"
641,Residència Erasmus Gracia,€ 955
642,Stylish Apartment with Terrace for Couple or Family,"€ 1,451"
643,Elegantniy Poble Sec,"€ 1,294"
644,Yurbban Ramblas Boutique Hotel,"€ 2,052"
645,Duquesa Suites Barcelona,"€ 1,979"
646,Eixample 7,"€ 1,692"
647,Beautiful & quiet 2BR flat with terrace,"€ 1,466"
648,Kabul Party Hostel Barcelona,€ 695
649,La Casa Gran B&B,"€ 1,189"
650,Barcelona4Seasons - Muntaner,"€ 1,344"
651,Hostal Santa Ana,€ 698
652,GuestReady - Sant Adrià de Besòs Hideaway,"€ 2,107"
653,Brummell Apartments Gracia,"€ 1,734"
654,Eixample private rooms,€ 624
655,Hostal MiMi Las Ramblas,"€ 1,070"
656,Petit Palace Museum,"€ 1,780"
657,Liceu Apartments by gaiarooms,"€ 1,649"
658,Duquesa de Cardona 4* Sup,"€ 2,054"
659,Hostal Martinval,€ 849
660,Apartment Poblenou by Interhome,"€ 1,306"
661,Ideal Youth Hostel,€ 582
662,Barcelona4Seasons - Sagrada Familia,"€ 1,710"
663,Best House Best Place,"€ 1,856"
664,Apartment Barcelona Centric Apartment by Interhome,"€ 1,283"
665,Consell Cent apartment I 3 dormitorios Eixample,"€ 1,281"
666,Hotel Well and Come,"€ 1,903"
667,Quiet apartment! Sagrada Familia!,"€ 1,386"
668,Hostal Mont Thabor,€ 650
669,Duplex Sagrada Familia 2,"€ 1,867"
670,Hostal Hera,€ 898
671,Eixample1,"€ 1,848"
672,Alguera Apartments Napols,"€ 1,540"
673,Apartment Centro- Passeig de Gracia - Casa Batllo by Interhome,"€ 1,748"
674,Arya Stadium Hotel,"€ 1,166"
675,Hostal LIWI,"€ 1,121"
676,Habitación doble en Eixample,€ 580
677,Acogedor velero en el Forum,€ 950
678,MH Apartments Ramblas,"€ 1,840"
679,Hotel Abbot,€ 955
680,Port I Espectacular apartament con terraza,"€ 1,442"
681,H10 Art Gallery 4* Sup,"€ 2,099"
682,Hotel Paxton Barcelona,"€ 2,376"
683,Sagrada Familia Attic - Terrace Bcn Views,"€ 1,429"
684,Loft Miro Apart Barcelona,"€ 1,867"
685,ChicStays Apartment Vila Olímpica,"€ 1,871"
686,Boutique Pare Lainez- 2 BR Sagrada Famlia with balcony,"€ 1,890"
687,Torre de Gracia Barcelona,"€ 1,801"
688,Bedcelona Hostel,€ 356
689,Stylish 80´s Fishing Boat,"€ 1,010"
690,BruStar Gotic-Centric,€ 908
691,Apartamento soleado en Barcelona city,€ 960
692,Apartment Sants-Montjuic Rambla Badal by Interhome,"€ 1,429"
693,Lodging Apartments Barceloneta Beach Studio 12,"€ 1,640"
694,Gracia8,"€ 1,771"
695,MH Apartments Tetuan,"€ 2,058"
696,Unbeatable views and great location,"€ 1,405"
697,Crysoyle Apartment Barcelona Next to Camp Nou,€ 957
698,Port VIII Apart céntrico en Paralelo cerca Ramblas,"€ 1,415"
699,C211 Barcelona Apartments,"€ 1,793"
700,Penthouse with terrace in Rambla Catalunya -Centre,"€ 1,990"
701,Port V Apart centrico con estilo 21,"€ 1,519"
702,Apartment Camp Nou- Travessera de les Corts by Interhome,"€ 1,289"
703,Fantastic apartment near Plaça Francesc Macia in L'Eixample Esquerra,"€ 1,603"
704,homeinnbcn,"€ 1,364"
705,BCN Urbaness Hotels Bonavista,"€ 1,572"
706,Anais Apartments by gaiarooms,"€ 1,869"
707,Apartment Gracia- Providencia by Interhome,"€ 1,387"
708,Brummell Apartments Montjuic,"€ 2,104"
709,Diagonal 1,"€ 1,266"
710,Barrio Gotico Apartments Escudellers,"€ 2,640"
711,Eixample12,"€ 1,869"
712,Sagrada Familia Gaudi,"€ 1,867"
713,Flat Vila Olimpica Pere IV/Apartment,"€ 1,368"
714,Eixample 24,"€ 2,168"
715,Apartment Eixample Esquerre Arago Rocafort by Interhome,"€ 1,156"
716,Apartment Sants-Les Corts Galileu by Interhome,"€ 1,581"
717,By La Boqueria Rooms,€ 669
718,Centrally Apartment in the Heart of Raval,"€ 1,370"
719,Flat Eixample Napoles/Apartment,"€ 1,817"
720,Alguera Apartments Industria,"€ 1,680"
721,Casa Mathilda,"€ 1,225"
722,apartment luxe MMR,"€ 2,106"
723,Sants Montjuic Olympic View,"€ 1,351"
724,Brummell Apartments Eixample Izquierda/Valeris,"€ 1,921"
725,Heart of Barcelona Rooms,€ 657
726,The Floating Home,"€ 1,098"
727,Modern Apartment,"€ 1,470"
728,H10 Casa Mimosa 4* Sup,"€ 3,215"
729,Sagrada familia apartment,"€ 1,867"
730,Apartment Carrer de Joan,"€ 1,562"
731,NEW! Apartment in Sarria near Metro,"€ 1,064"
732,Enjoybcn Gaudi Apartments,"€ 2,245"
733,2 bedroom with balcony in Eixample 3-2,"€ 1,841"
734,Mercer Hotel Barcelona,"€ 3,603"
735,By Paseo de Gracia Rooms,€ 648
736,Sagrada Familia - Sant Pau apartment,"€ 1,771"
737,Lodging Apartments Villa de Gracia 2 bedroom cozy apartment,"€ 1,651"
738,Modern apartment close to the Camp Nou Stadium,"€ 1,642"
739,Sweet Inn - Avenida Roma,"€ 2,001"
740,Sant Pau Ramblas Apartments Serennia,"€ 2,291"
741,Hotel SB Diagonal Zero 4 Sup,"€ 1,283"
742,Aticco Living Gràcia - Apartments Rooftop,"€ 2,188"
743,Enjoybcn Dali Apartments,"€ 2,961"
744,My Space Barcelona Pool City Center,"€ 1,738"
745,Room con baño privado sagrada familia,"€ 1,238"
746,Jie Apartment,"€ 1,970"
747,Sunny Rooftop Apartment,"€ 1,579"
748,Eixample 6,"€ 1,836"
749,Teatro Miro Apartment,"€ 1,579"
750,Ronda Sant Pere - Private City Center 1-Bedroom Suite,"€ 2,045"
751,HA Diputació terrace apartment,"€ 2,221"
752,Parc Güell 2 1,"€ 1,442"
753,Lets Holidays Apartment Sea Views in Barcelona,"€ 2,556"
754,Apartamento en Barcelona para familias y parejas,€ 995
755,Rooms By BCN Cathedral,€ 615
756,2 bedroom Duplex apartment with balcony 4-3,"€ 2,030"
757,Duplex Berlin 87,"€ 1,566"
758,Vale Beach,"€ 1,696"
759,Luxury y Elegant Apartment in the centre,"€ 1,852"
760,Sweet home,"€ 1,396"
761,Sicilia Sagrada Familia,"€ 1,963"
762,Design 1 Bedroom Apartment near Plaza España,"€ 1,635"
763,Apartamento central y grande en Barcelona,"€ 1,453"
764,Sant Antoni 3 - Downtown Barcelona & Modern,"€ 1,460"
765,Poblesec 2,"€ 1,613"
766,Beautiful and comfy boat in Barcelona,"€ 1,236"
767,Poble Nou I You Stylish Apartments,"€ 2,389"
768,Enjoybcn Patio de Gracia,"€ 2,450"
769,Enjoybcn Coliseum Apartments,"€ 2,590"
770,By Port Vell Rooms,€ 590
771,Cozy yacht lodge in Barcelona with boat tour option,"€ 1,243"
772,GuestReady - Charming simplicity near Casa Milà,"€ 1,411"
773,Eixample8,"€ 2,119"
774,My Space Barcelona Executive Apartments Center,"€ 1,811"
775,Lodging Lepant 3 bedroom apartment 300 meters de Sagrada Familia,"€ 2,348"
776,My Space Barcelona Brand New Apartments in City Center,"€ 1,638"
777,Sant Antoni 1 - Downtown Barcelona & Modern,"€ 1,456"
778,Eixample15,"€ 1,757"
779,Be barcelona arco del triunfo sunny colors,"€ 1,901"
780,Alma Azul Consell de Cent,"€ 2,036"
781,2 bedroom with balcony in Eixample 1-1,"€ 1,979"
782,BizFlats Garden House,"€ 1,966"
783,Modern and bright apartment in Eixample 1-3,"€ 1,695"
784,Bed&BCN Diagonal 5,"€ 1,866"
785,Bed&BCN Diagonal 6,"€ 1,866"
786,Beautiful 70s vintage yacht boat in Barcelona,"€ 1,010"
787,Enjoybcn Plaza Catalunya Apt.,"€ 2,830"
788,Lets Holidays Centric Apartment in Barcelona,"€ 2,210"
789,ClassBedroom Port Ramblas,"€ 2,682"
790,Lodging Corsega - Apartment 3 bedrooms next to Sagrada Familia,"€ 2,283"
791,Attic Bcn Central Terrace,"€ 1,544"
792,Apartamentos Laforja,€ 968
793,My Space Barcelona Charming Apartment in the Heart of Gracia,"€ 2,206"
794,Céntrico apartamento,"€ 1,290"
795,Montjuic1,"€ 1,834"
796,Modern and bright apartment in Eixample 5-2,"€ 1,993"
797,Apartment Barcelona Rentals - Sarria Apartments Near Center,"€ 1,840"
798,Modern and bright apartment in Eixample 3-1,"€ 1,944"
799,Habitat Apartments Ribes,"€ 2,511"
800,Fantastic 2 Bedroom 5 minutes by car from Plaza Catalunya,"€ 2,267"
801,Navas 2,"€ 1,747"
802,L'alzina Apartment,"€ 2,226"
803,Cool&colorful Centric Apartment,"€ 2,205"
804,You Stylish Boutique Apartments,"€ 2,996"
805,Lodging Sant Pau Views- Suite with View on Hospital Sant Pau,"€ 2,171"
806,Bed & Art Barcelona,€ 908
807,BARCELONA CENTRO SAGRADA FAMILIA,"€ 2,136"
808,RECENTLY RENOVATED 2 BEDROOM APARTMENT IN EIXAMPLE,"€ 2,234"
809,Barcelona Central Park II,"€ 1,911"
810,Flat Plaza de España BCN,"€ 2,346"
811,ELLA Guest House Barcelona,€ 966
812,Autèntic Barcelona Monumental,"€ 2,249"
813,Hotel Lugano Barcelona,"€ 1,124"
814,Mercat Sant Antoni 4,"€ 3,011"
815,LetsGo Sagrada Familia Penthouse,"€ 2,423"
816,Lets Holidays Terrace Barcelona,"€ 2,302"
817,Autèntic Arc de Triomf Apartment,"€ 2,609"
818,Lodging Apartments Barceloneta Beach Studio 42,"€ 1,640"
819,Rufus Port Forum,€ 684
820,Ella Hostel Ramblas,€ 996
821,Tres Torres Atiram Hotels,"€ 1,019"
822,Suites4days Gaudi Eixample,"€ 1,989"
823,Almodovar Apartment Barcelona,"€ 1,645"
824,Centric 2 Bedroom Apartment with a Private Lovely Terrace,"€ 1,607"
825,Paseo de Gracia Design,"€ 2,543"
826,Apartment Barcelona Rentals - Penthouse with Terrace,"€ 1,575"
827,Barcelona Eixample,"€ 2,825"
828,Enjoybcn Miro Apartments,"€ 4,085"
829,Modern and bright apartment in Eixample 1-2,"€ 2,142"
830,Apartment Barcelona Rentals - Gracia Pool Apartments Center,"€ 2,391"
831,Paseo San Juan Barcelona,"€ 2,103"
832,My Space Barcelona Park Güell Apartments,"€ 1,599"
833,"Piso Zona Plaza España, junto a Montjuic,","€ 2,526"
834,elPilar Sant Antoni,"€ 1,688"
835,Lodging Apartments Barceloneta Beach Studio 32,"€ 1,794"
836,Sarria Attic,"€ 2,207"
837,Suites Barcelona Park Güell,"€ 1,755"
838,Marion House Barcelona,"€ 3,086"
839,Amazing 3 Bedroom Apartment with Terrace in Poble-sec,"€ 2,309"
840,YACHT 20Metros,"€ 2,450"
841,Consell Cent Apartment II 3 domitorios Eixample,"€ 1,850"
842,Sants Estacio - Modern and comfy 4BD for 8 guests,"€ 3,121"
843,La Pedrera,"€ 2,466"
844,Cozy Studio with Amazing Terrace near Plaza España,"€ 1,592"
845,Ronda Sant Pere Private City Center 3Bedroom Suite C,"€ 2,783"
846,Lodging Apartments Monumumental FREE PARKING,"€ 2,410"
847,Enjoy Apartments Calabria,"€ 3,301"
848,Sants Estación ático apartamento en Eixample,"€ 1,947"
849,Autèntic Eixample Barcelona,"€ 2,609"
850,Lets holidays apartment in Sant Martí,"€ 1,804"
851,Apartment Barcelona Rentals - Swimming Pool with Terrace,"€ 1,905"
852,Bright and Spacious 3 Bedroom Close to the Beach,"€ 1,925"
853,Murillo 18,"€ 1,885"
854,Modern and bright apartment in Eixample 2-2,"€ 1,993"
855,Be barcelona arco del triunfo sunny colors III,"€ 1,891"
856,Apartment Pg Gracia - Valencia by Interhome,"€ 2,055"
857,Gracia 1872,"€ 3,650"
858,Coqueto alojamiento cercano a la Sagrada Familia,"€ 2,515"
859,MR BORN,"€ 2,106"
860,AB Poble Sec Apartment,"€ 2,899"
861,Lodging Apartments Paseo de Gracia,"€ 2,020"
862,Port VI Apart céntrico ideal familias 22,"€ 2,028"
863,Bed&BCN Diagonal 4,"€ 1,866"
864,Key Sagrada Familia / MARINA 223,"€ 2,624"
865,Apartamento Sagrada Familia Castillejos,"€ 3,193"
866,My Space Barcelona Guell Terrace Center,"€ 1,599"
867,Apartment Barcelona Rentals - Pool Terrace in City Center,"€ 2,602"
868,Port IV Apart céntrico ideal grupos 12,"€ 2,076"
869,Lodging Apartments Barceloneta Beach Studio 31,"€ 1,853"
870,My Space Barcelona Penthouse Terrace,"€ 1,930"
871,Glam Penthouse Barcelona,"€ 3,313"
872,Port III Apart céntrico ideal familias 11,"€ 2,124"
873,Yach boat Experience,"€ 1,778"
874,Born Rooms - St Caterina,€ 734
875,Enjoybcn Fira Apartment,"€ 3,018"
876,Cozy place next to Park Güell,"€ 1,856"
877,BELLAFILA GOTHIC,"€ 2,973"
878,Modern apartment near Pl. España,"€ 2,850"
879,Mercat Sant Antoni 1,"€ 2,981"
880,Be Barcelona Eixample Arco del Triunfo,"€ 2,429"
881,Bright and cozy flat in the heart of the city,"€ 2,992"
882,Luxury MR Born,"€ 2,166"
883,My Space Barcelona Rambla Catalunya Center,"€ 2,836"
884,Beautiful 4bd 4ba apartment in Eixample District,"€ 4,011"
885,2 bedroom with balcony in Eixample 4-2,"€ 1,894"
886,Next to Sagrada Familia 4-bedroom Apartment,"€ 2,917"
887,My Space Barcelona Pool Garden Apartments,"€ 1,930"
888,Enjoy Apartments Gran Via,"€ 2,925"
889,White penthouse,"€ 1,645"
890,My Space Barcelona Gracia Pool Terrace,"€ 2,422"
891,Enjoy Apartments Sagrada Familia V,"€ 2,378"
892,GuestReady - Bright home near Montjuïc,"€ 1,632"
893,By Rambla de Catalunya Rooms,€ 644
894,Perfectly located 4bed 4bath apartment in Barcelona 1 2,"€ 3,908"
895,Breathtaking Penthouse in Eixample,"€ 2,036"
896,Hostourist@Bcn Apartamento Monumental,"€ 2,499"
897,Bright and modern 2bedroom in Las Ramblas 2 1A,"€ 2,695"
898,Sunny 3BD apartment in Poblenou next to the beach,"€ 2,408"
899,Ronda Sant Pere,"€ 3,571"
900,SMLuxuryHouse,"€ 2,466"
901,GuestReady - Paris Street in Barcelona Heart,"€ 2,097"
902,Eixample13,"€ 2,499"
903,Paseo de Gracia Modern and cozy 3BD - 2BTh,"€ 3,328"
904,Bright and modern Duplex with terrace in Eixample district P1,"€ 2,112"
905,My Space Barcelona Private Pool Garden,"€ 2,799"
906,Eixample10,"€ 2,786"
907,Delightfull with terraze 3beds,"€ 2,460"
908,Luminous 2 Bedroom next to Sagrada Familia,"€ 2,180"
909,Apartment Barcelona Rentals - Rambla de Catalunya Center,"€ 2,797"
910,City View Penthouse - 2 Bedroom Suite,"€ 2,053"
911,3BD with private terrace right by Sagrada Familia,"€ 3,068"
912,Spacious & Comfortable flat in centric Eixample,"€ 2,991"
913,Modern and bright apartment in Eixample 2-1,"€ 2,002"
914,Central and Elegant 4 Bedroom by Placa Catalunya,"€ 3,887"
915,Sagrada Familia- Fantastic Bold Catalan 3 Bedroom Balcony,"€ 2,447"
916,Letsgo Camp Nou Apartment,"€ 2,446"
917,Ronda Sant Pere Private City Center 3Bedroom Suite B,"€ 2,783"
918,Ondina Suites Sagrada Familia,"€ 2,249"
919,Exquisite and Modern Paradise w Private Terrace and City Center,"€ 3,641"
920,Comfortable 3BD in Poblenou next to the beach!,"€ 2,266"
921,Elegant 3-bedroom Apartment in the Heart of BCN,"€ 3,652"
922,Hostourist@Bcn Rosalia Sagrada Familia,"€ 2,532"
923,Sagrada Familia Butterfly,"€ 2,712"
924,Poble Nou II You Stylish Apartments,"€ 4,265"
925,Private terrace Attico 3BD in Gran de Gracia,"€ 3,228"
926,4bedroom apart with balcony in Las Ramblas 1 1,"€ 4,139"
927,MR Peblenou,"€ 2,466"
928,Nova Mar Bella Apartment,"€ 2,390"
929,Green House Hotel,"€ 1,090"
930,Enjoy Apartments Sagrada Familia IV,"€ 3,245"
931,Apartment close to Diagonal Beach,"€ 2,551"
932,Bright and modern Duplex with terrace in Eixample district P2,"€ 2,167"
933,Bright and modern 3BD in Eixample,"€ 3,361"
934,Enjoy Apartments Sagrada Familia III,"€ 3,307"
935,Hostourist@Bcn Centric Eixample,"€ 3,258"
936,Luxury Duplex Apartment in the Heart of Barcelona,"€ 5,053"
937,@Hostourist-Bcn Apartamento Fira Plaza España,"€ 3,192"
938,Fira Guest House,€ 640
939,My Space Barcelona - Newly renovated apartment in Gràcia for families and executives,"€ 2,327"
940,Apartment Barcelona Rentals - Private Pool and Garden Center,"€ 2,761"
941,Modern and bright apartment in Eixample 5-1,"€ 2,111"
942,Two bedroom Two bathroom apartment Close to Beach,"€ 5,537"
943,Barcelona - Eixample 2B,"€ 3,726"
944,Plaça Catalunya Luxurious 2bedroom with balcony,"€ 2,985"
945,Las Ramblas BCN EXCELLENT LOCATION 8 pax,"€ 3,359"
946,Luxury 4-bedrooms in Rambla de Catalunya,"€ 6,432"
947,Centric 2bedroom in Las Ramblas 3 1A,"€ 2,452"
948,Bright 4BD with terrace near Arc de Triomf,"€ 3,336"
949,Stylish and comfortable apartment,"€ 2,988"
950,Historic Catalan 4BD apartment in Gran Vía,"€ 4,253"
951,Atic Barcelona,"€ 3,542"
952,Exclusive Luxe Design - Large Tranquil Penthouse,"€ 5,738"
953,Bellafila Gothic Terrace,"€ 5,242"
954,Private terrace at Sagrada Familia,"€ 3,385"
955,Plaza Urquinaona Central and comfortable 3BD,"€ 3,219"
956,Eixample next to Paseo de Gracia modern 3BD,"€ 2,882"
957,Canela Homes BARCELONA CASP,"€ 2,373"
958,Gopal-Comfortable Cozy Apartment for Groups in Gracia,"€ 2,596"
959,Barrio Gotico Apartments Ferran,"€ 4,500"
960,Modern stylish 3 bedroom Arco de Triunfo,"€ 2,721"
961,Hostourist@Bcn Fira Hostafrancs,"€ 2,496"
962,Bright and modern 4bedroom with terrace in Las Ramblas P2,"€ 4,289"
963,Poblenou renovated 3BD next to the beach,"€ 2,511"
964,Plaça Catalunya Incredible 3bedroom Duplex with Balcony,"€ 4,374"
965,Stylish and centric 2-bedroom apartment in Eixample &Terrace P2,"€ 3,176"
966,Comfortable 3-bedroom next to Sagrada Familia,"€ 2,785"
967,Livingstone,"€ 2,327"
968,Enjoy Apartments Royale,"€ 3,702"
969,Amazing 5 bedrooms 5 bathrooms by Plaza Catalunya,"€ 7,309"
970,Lets Holidays Apartment Barcelona near beach,"€ 2,302"
971,Luxurious apartment for 9 people recently renovated in the center of Barcelona,"€ 16,953"
972,Enjoy Apartments Sagrada Familia II,"€ 3,467"
973,Modern and bright 4BD triplex in Paralel!,"€ 5,169"
974,Casa Batlló - Luxury Historic 4BD 4BTH for 9 guests,"€ 7,110"
975,Hidden garden Central and quiet rest,"€ 1,691"
976,RAMBLAS! DREAMING PENT WITH TERRACE 6pax,"€ 3,245"
977,3-bedroom penthouse with terrace in Eixample,"€ 3,727"
978,Enjoy Apartments Sagrada Familia I,"€ 3,154"
979,3BD in Poblenou next to the beach,"€ 2,511"
980,Recently renovated 3 bedrooms in Poble Sec,"€ 3,298"
981,Izaila Plaza Catalunya,"€ 1,402"
982,Stay U-nique Apartments Taulat,"€ 4,565"
983,Barcelona - Sagrada Familia,"€ 3,726"
984,Pl Universitat Bright and cozy 2BD - 2BTH,"€ 2,581"
985,Barcelona - Eixample PB,"€ 3,726"
986,Bright and modern 3bedroom in Las Ramblas 3 1B,"€ 3,083"
987,Comfortable and huge 4BD - 2BTH Rambla Catalunya,"€ 3,744"
988,Hostal Elkano,€ 609
989,Barcelona - Eixample 1A,"€ 3,726"
990,3bedroom Duplex with balcony in plaza Cataluña,"€ 3,676"
991,Comfy 4BD-2BTH with terrace in Plaza España,"€ 3,200"
992,Cathedral Barcelona Rooms,€ 770
993,MotorYacht 21 avec équipage,"€ 5,936"
994,Centric 3bedroom in Las Ramblas 2 1B,"€ 3,155"
995,Magnificent and Massive 5 Bedroom Family Apartment and Terrace,"€ 5,208"
996,4bedroom apartment with a balcony in Las Ramblas 1 2,"€ 4,292"
997,Can Caldeta - Naturaleza y privacidad en el Montseny,"€ 2,006"
998,Perfectly located 4bed 4bath apartment in Barcelona 3 1,"€ 4,347"
999,eg21- MODERNIST AND ELEGANT APARTMENT IN BCN CITY CENTER,"€ 4,246"
1000,Perfectly located 4-bed 4-bath apartment in Barcelona 2-1,"€ 3,917"
1001,RAMBLAS! DREAMING PENT WITH TERRACE 6pax,"€ 3,245"
1002,3-bedroom penthouse with terrace in Eixample,"€ 3,727"
1003,Enjoy Apartments Sagrada Familia I,"€ 3,154"
1004,3BD in Poblenou next to the beach,"€ 2,511"
1005,Recently renovated 3 bedrooms in Poble Sec,"€ 3,298"
1006,Izaila Plaza Catalunya,"€ 1,402"
1007,Stay U-nique Apartments Taulat,"€ 4,565"
1008,Barcelona - Sagrada Familia,"€ 3,726"
1009,Pl Universitat Bright and cozy 2BD - 2BTH,"€ 2,581"
1010,Barcelona - Eixample PB,"€ 3,726"
1011,Bright and modern 3bedroom in Las Ramblas 3 1B,"€ 3,083"
1012,Comfortable and huge 4BD - 2BTH Rambla Catalunya,"€ 3,744"
1013,Hostal Elkano,€ 609
1014,Barcelona - Eixample 1A,"€ 3,726"
1015,3bedroom Duplex with balcony in plaza Cataluña,"€ 3,676"
1016,Comfy 4BD-2BTH with terrace in Plaza España,"€ 3,200"
1017,Cathedral Barcelona Rooms,€ 770
1018,MotorYacht 21 avec équipage,"€ 5,936"
1019,Centric 3bedroom in Las Ramblas 2 1B,"€ 3,155"
1020,Magnificent and Massive 5 Bedroom Family Apartment and Terrace,"€ 5,208"
1021,4bedroom apartment with a balcony in Las Ramblas 1 2,"€ 4,292"
1022,Can Caldeta - Naturaleza y privacidad en el Montseny,"€ 2,006"
1023,Perfectly located 4bed 4bath apartment in Barcelona 3 1,"€ 4,347"
1024,eg21- MODERNIST AND ELEGANT APARTMENT IN BCN CITY CENTER,"€ 4,246"
1025,Perfectly located 4-bed 4-bath apartment in Barcelona 2-1,"€ 3,917"
